date,spy_return_1d,spy_return_5d,spy_return_21d,spy_vol_10d,spy_vol_21d,drawdown,market_breadth,cross_asset_volatility,nvda_momentum_10d,xom_momentum_10d,regime_id,actual_up_next_5d,predicted_probability,predicted_up_next_5d
2025-01-29,-0.004482919611252245,-0.007497201488843364,0.0016313493125804657,0.1468616759778219,0.14636023607721543,-0.013021645739094145,0.2857142857142857,0.01578728625599041,-0.03929636617172072,-0.008850509103583537,2.0,1,0.7101437059915157,1
2025-01-30,0.005367078407106485,-0.0075880424559723325,0.017524940779799936,0.12272556519135899,0.14214575909417174,-0.007724455525659035,0.5714285714285714,0.026042817800057596,-0.0656177572756329,-0.01688268682570304,2.0,1,0.6155918189091288,1
2025-01-31,-0.005321847370101107,-0.00999061127488543,0.023614806082383977,0.12694025038003753,0.137007630889448,-0.013005194522435426,0.2857142857142857,0.0165273092856485,-0.08276285688778484,-0.040185703602255596,2.0,0,0.76363627432266,1
2025-02-03,-0.006729648336339378,-0.002574992321730196,0.020523103459923697,0.1241070605646994,0.1387690239914532,-0.0196473224730932,0.2857142857142857,0.01642889306884543,-0.14215788986192435,-0.04673508159695994,1.0,1,0.7524742704812939,1
2025-02-04,0.006708326846265988,-0.004459010064320257,0.029688579689609695,0.11961619143721783,0.13954089313861295,-0.013070796287630637,0.8571428571428571,0.011558419858370677,-0.14775612066583876,-0.012367553790475827,2.0,1,0.732542741653501,1
2025-02-05,0.004054500120593607,0.004078409667525595,0.021239605887500734,0.11772994903150352,0.13404149357986642,-0.009069291712161531,0.42857142857142855,0.023816279200725644,-0.139978958751091,0.0043087563354931024,2.0,0,0.586063757291283,1
2025-02-06,0.003475716510411786,0.0021870477708308966,0.01895476031266219,0.11539305785090839,0.133252846226545,-0.005625097488691444,0.7142857142857143,0.017899940270743764,-0.11015702224060464,-0.014547990949043021,2.0,1,0.6641023747056239,1
2025-02-07,-0.009153582388062631,-0.0016446872471306273,0.02110519447141579,0.12298624367464663,0.13095924932579078,-0.01472719008345047,0.2857142857142857,0.017144023034235602,-0.06989658795080911,0.003221352734941174,2.0,1,0.6373152542232027,1
2025-02-10,0.006791192125803924,0.011876153215012675,0.026435237079651452,0.1046486304602564,0.1324858658837795,-0.008036013134976483,0.8571428571428571,0.014877344793682695,0.12851293964748134,0.008426838281573978,2.0,1,0.7620810788243115,1
2025-02-11,0.000760531944440368,0.005928358313187054,0.04246335433618509,0.09558516525520713,0.11815309711228264,-0.007281592835231221,0.5714285714285714,0.009997696441543759,0.03348940798382405,0.034068345023907765,2.0,1,0.5640508145053936,1
2025-02-12,-0.0032213905817672916,-0.0013475323891738444,0.03769152323623881,0.0940720443700184,0.11954125510650523,-0.010479526562418795,0.2857142857142857,0.015195847811046406,0.06200040631511139,-0.0018494530220866112,1.0,1,0.8115808229633834,1
2025-02-13,0.010557361833585244,0.005734112933999613,0.04687295568645211,0.10492383758608033,0.12330763623079385,-3.280088259760561e-05,1.0,0.010543888355020145,0.08596611068026538,-0.0028655735007107053,2.0,0,0.722006108583761,1
2025-02-14,-4.92537148217842e-05,0.01483844160724046,0.0286336149399552,0.09952053520534798,0.10891298823972131,-8.205298185415266e-05,0.5714285714285714,0.01363995755667941,0.14902289010953673,0.023158539886691698,2.0,0,0.682398594510981,1
2025-02-18,0.0029360722320486143,0.01098332171348515,0.0334928613212675,0.08889261831924213,0.10836476596781368,0.0,0.5714285714285714,0.020061493056104503,0.1813839838701239,0.038278375919980845,2.0,0,0.6264540072809782,1
2025-02-19,0.002354943061535275,0.012577732830580057,0.025807746087648242,0.08544797905976337,0.10400059293515185,0.0,0.5714285714285714,0.008596527345934564,0.16310649534160115,0.0129313565332706,2.0,0,0.550021484722159,1
2025-02-20,-0.0041603636211549055,0.011638759791192443,0.012494006295756144,0.08937612868238898,0.10141249247245467,-0.0041603636211549055,0.5714285714285714,0.020617869393411505,0.1173409725122635,0.02907124266390515,1.0,0,0.7036260225365467,1
2025-02-21,-0.017104081046337205,-0.016022683088730005,-0.010231645465636374,0.12586253226028896,0.11663310291855764,-0.021193285470933576,0.0,0.023948139673102983,0.045959546115026395,0.030571172419772807,1.0,0,0.6165457912169714,1
2025-02-24,-0.0045505827357145145,-0.020524012109622736,-0.020240147575586342,0.11950318255784946,0.11535108528797262,-0.025647426407671037,0.2857142857142857,0.012890648086892654,0.006073754512818108,0.031568452171286454,1.0,0,0.6003402024700033,1
2025-02-25,-0.004973053296503771,-0.02843313763817512,-0.022293922320902104,0.1136663571310011,0.11600730124882373,-0.03049293368573136,0.2857142857142857,0.015299570266536113,-0.050670621664814064,-0.0013734700186798232,1.0,0,0.6778983122164041,1
2025-02-26,0.0005046465936875411,-0.030283434106022855,-0.007644008437719951,0.11351558402237742,0.10584393905332175,-0.030003675247159856,0.5714285714285714,0.019928773654816354,-0.008184568806281267,-0.010142010676523316,1.0,0,0.6070418004120183,1
2025-02-27,-0.01596182659286549,-0.04208489707773344,-0.03219817961944149,0.1342062892367901,0.11356035169102978,-0.04548658837858155,0.42857142857142855,0.032481123547868945,-0.08046514295461249,0.026248302755993436,1.0,0,0.5857460081157827,1
2025-02-28,0.015605608485163236,-0.009375207546233,-0.01210965152302601,0.14999616005353855,0.12745715117973616,-0.030590825782980224,1.0,0.009958905429031871,-0.07241043062037844,0.029695052289997692,1.0,0,0.40478887551469767,0
2025-03-03,-0.01752008108508618,-0.022344705895604666,-0.034996811015218676,0.1665952678860281,0.13821398868304974,-0.04757495311988891,0.0,0.025544692238547804,-0.18565999469852046,-0.0033890255267564617,1.0,0,0.6973214518605525,1
2025-03-04,-0.011836788638108442,-0.029208441237209337,-0.04151175228322601,0.16516103528374562,0.14217088296601235,-0.0588486070934493,0.42857142857142855,0.01902739945190914,-0.17269998260156982,-0.022984171905183426,1.0,0,0.7864550816393799,1
2025-03-05,0.010747808210532117,-0.01896527962036476,-0.024034295736354516,0.18129876263925543,0.14759664559514618,-0.048733292425414576,0.7142857142857143,0.016628547333706317,-0.16018646638571565,-0.04396462321249661,1.0,0,0.6752000243743821,1
2025-03-06,-0.017751102879487224,-0.020754555906986494,-0.04849372546210773,0.1922031091952057,0.1553178464417625,-0.06561932561740214,0.2857142857142857,0.02958621688906109,-0.22388122605201,-0.038701767296756895,1.0,0,0.7334442525949696,1
2025-03-07,0.005604862997103277,-0.030755301395046453,-0.04694336258559806,0.19020410588612774,0.15620852160164506,-0.06038224995034669,0.5714285714285714,0.014501437236928908,-0.16416822557007216,-0.013996732046210436,1.0,0,0.759552107772664,1
2025-03-10,-0.026635448353614644,-0.039870668663574915,-0.07705452744962449,0.22166072323055092,0.17591954872121715,-0.08540939000393377,0.14285714285714285,0.025996164165668016,-0.18396716306579708,0.0062635863140283465,3.0,1,0.5831595022750727,1
2025-03-11,-0.008313067974960453,-0.036346948000426926,-0.07621401303652231,0.22176808226294922,0.17561321713731243,-0.09301244391409158,0.5714285714285714,0.018367788681779556,-0.13931199417046358,-0.0035099314806563697,3.0,1,0.6441693909601696,1
2025-03-12,0.005306664456809607,-0.04178809175414944,-0.07769854070551663,0.22729002231743411,0.17457553829459338,-0.08819936528744188,0.42857142857142855,0.027088417032881656,-0.11175728934222573,-0.0013242671546885854,3.0,1,0.5592238170283816,1
2025-03-13,-0.013330638775332249,-0.03736762764999446,-0.09178971142528924,0.22445150436979022,0.17684867147370623,-0.10035425018391364,0.14285714285714285,0.012768871367055389,-0.028359058089385547,-0.011842926646210672,3.0,1,0.5542874563079335,1
2025-03-14,0.020655943292980483,-0.022316547354117255,-0.06791237755054147,0.23891125764705162,0.19699916414932592,-0.08177121859194159,1.0,0.012615947433586027,-0.015368612835919837,0.007167441816831599,3.0,1,0.42695867351497635,0
2025-03-17,0.007711325129997171,0.012030226129494559,-0.07075841425412954,0.23635818528888877,0.19472225636004376,-0.07469045791478301,0.7142857142857143,0.013904444216456695,0.053978431108857694,0.05585616689258388,3.0,1,0.3967597056731507,0
2025-03-18,-0.01080844547504023,0.009534848629414783,-0.08151760601434799,0.23530940936561376,0.1959736457611399,-0.08469161564794558,0.2857142857142857,0.014626610543409788,0.00275648407262985,0.05684286208914402,3.0,1,0.4364357855987645,0
2025-03-19,0.01089078411239508,0.015118968285000256,-0.07356289413400152,0.23553886034379312,0.20132486023168455,-0.07472318963770219,0.8571428571428571,0.006570600715690707,0.00956862845792672,0.09194606832397656,3.0,1,0.43504532053777506,0
2025-03-20,-0.002891583628989891,0.025558023431342614,-0.07880942082452669,0.2202062549202307,0.20021867891151354,-0.07739870491482981,0.42857142857142855,0.007638361919212782,0.0755371276564003,0.07551644940527669,3.0,1,0.4198437082452626,0
2025-03-21,0.0003298107168991926,0.005231890855261323,-0.07431924648647259,0.2172267530727217,0.20070711476695138,-0.07709442112028575,0.7142857142857143,0.009232073869259885,0.049361293471899326,0.05905658667591063,3.0,0,0.36947380502152244,0
2025-03-24,0.01790844377492129,0.015429009500185442,-0.039306721665214095,0.1871067654056554,0.2074251576791555,-0.060566618451357246,0.8571428571428571,0.015053448848071558,0.13155224719099234,0.036153948430494576,1.0,0,0.4966511976508303,0
2025-03-25,0.0024037742901859005,0.028641229265411572,-0.03235236463931368,0.17682251356056183,0.20769229135481765,-0.05830843264144825,0.7142857142857143,0.0083723598126972,0.10898324302816187,0.06658960127158353,1.0,0,0.3754487635103528,0
2025-03-26,-0.011938126986071662,0.00581231816694483,-0.03931743832888157,0.19318968464228664,0.21052482177899162,-0.0695504661542875,0.2857142857142857,0.024001029081652827,-0.01271247421928201,0.08127396722938718,1.0,0,0.3826798723790137,0
2025-03-27,-0.002655751809027329,0.006048149986907392,-0.04247783673159644,0.17599330855129786,0.2103598259996839,-0.0720215091870069,0.42857142857142855,0.009976871395993129,-0.031811834615097734,0.08227605486467748,1.0,0,0.3959773031102431,0
2025-03-28,-0.02013839279979468,-0.01442005352978648,-0.04665440293852563,0.18150249329116916,0.21430739797050646,-0.09070950454475957,0.14285714285714285,0.015611688797302693,-0.10029719455174746,0.05119585503669111,3.0,0,0.44890055899645637,0
2025-03-31,0.006712883545730408,-0.025615613758977362,-0.05554712787795846,0.18023801439540574,0.20707873118450607,-0.08460554333952897,0.5714285714285714,0.01368971091334098,-0.09447121794691771,0.04476669389667842,3.0,0,0.4823570945893167,0
2025-04-01,0.002824468752555598,-0.025194919296607665,-0.03520257804031668,0.17232346638896576,0.2005548934268273,-0.08202004030042898,0.7142857142857143,0.009218410877395946,-0.043838763134059655,0.04674641662908907,1.0,0,0.44058566215832284,0
2025-04-02,0.00632832407041195,-0.006928468240124053,-0.017037465331796287,0.16590787442155255,0.1988236740390502,-0.07621076562530626,0.7142857142857143,0.00777852233689736,-0.05949389690369766,0.028062675676700954,1.0,0,0.41166694172096535,0
2025-04-03,-0.04928091580847893,-0.053553632239575655,-0.07706618935080733,0.29828992615166294,0.2555121823255643,-0.12173594510930486,0.14285714285714285,0.044845416577919975,-0.146153550513468,-0.02876577420880766,3.0,0,0.4760835084173856,0
2025-04-04,-0.058542793161707296,-0.09195803260148827,-0.11785787963302741,0.39946264179731916,0.3157988028570194,-0.17315197601613308,0.0,0.020741420750368295,-0.21272674804865555,-0.09727052550625381,3.0,1,0.49716481818156266,0
2025-04-07,-0.0017811931006487258,-0.1004521092478674,-0.1252439357307794,0.371300854177606,0.31352144824559364,-0.17462475201173822,0.42857142857142855,0.024962484828840427,-0.2089387290197754,-0.11328550382618374,3.0,1,0.5215224108358661,1
2025-04-08,-0.01566283611567232,-0.11893941411609532,-0.11427132349283708,0.3618052542999182,0.30663433868160633,-0.18755246925491076,0.2857142857142857,0.03295307990421558,-0.21673208610408512,-0.1411877991495597,3.0,1,0.5058629118335487,0
2025-04-09,0.10501922561130184,-0.020248512575205435,-0.0009390299065747953,0.7013035721045543,0.4898509732474651,-0.10222985872624712,1.0,0.0523463251742165,0.027915112064767933,-0.1056815875347451,3.0,0,0.3927475373836814,0
2025-04-10,-0.04381888652681143,-0.014786483293537933,-0.05006458089019583,0.7310149642236092,0.5121415797655428,-0.1415691466738812,0.14285714285714285,0.029939540715592638,-0.010730299762776618,-0.15795063611706184,3.0,1,0.44002475707548544,0
2025-04-11,0.017842705515039414,0.06159901538320878,-0.018891236599824168,0.7365037988597425,0.5151223311346822,-0.12625241775295937,1.0,0.011946811683868316,0.036299884768387414,-0.12447094152082305,3.0,0,0.3600048173230364,0
2025-04-14,0.009701436883774672,0.07308164536763218,-0.02984574300902998,0.7377631497490116,0.5107255141877597,-0.11777581073143895,0.2857142857142857,0.013693176877488162,0.04607922863886538,-0.13223990336602587,3.0,0,0.41885265126324683,0
2025-04-15,-0.0028008096342629907,0.0859436718490415,-0.04035787777329014,0.7371159500585888,0.509654142414795,-0.12024675274032215,0.14285714285714285,0.008351158300219885,0.043206233359108115,-0.13596970209286385,3.0,0,0.4243597476339251,0
2025-04-16,-0.02222791789005818,-0.04130347165231851,-0.05177735018830809,0.740603159773948,0.513682306732315,-0.13980183568392235,0.2857142857142857,0.027009710497993503,-0.027961425288477337,-0.12228924329060353,3.0,1,0.44981999647009135,0
2025-04-17,0.0014266916772247562,0.003942106551717672,-0.061241442623478415,0.7005911216940279,0.5116237983886472,-0.13857459812212858,0.42857142857142855,0.08664056092890025,0.021393072209818786,-0.04350431396471832,3.0,1,0.3804403701750526,0
2025-04-21,-0.02380270230206527,-0.03770330126538701,-0.0821525612965538,0.6398898865794668,0.5167138537511895,-0.1590788505184646,0.0,0.018383348900149598,0.049841270043097685,0.013767716893452242,3.0,1,0.3805528836085024,0
2025-04-22,0.026017758916625056,-0.02138697923253663,-0.05646461309682793,0.6499541254593608,0.5269322064414244,-0.13719996678336277,1.0,0.01052818398796697,0.03496356179405513,0.05518733767366646,3.0,1,0.3793474614151455,0
2025-04-23,0.015495355748962103,-0.0030908138493115356,-0.05887770112278712,0.6407463844682415,0.5258088169684937,-0.1238305733284546,0.8571428571428571,0.018443700667665357,0.08731607017802934,0.06768031626133952,3.0,1,0.3429288801168055,0
2025-04-24,0.021049019601060648,0.04018612364180729,-0.04023245581191237,0.3651930447199779,0.5320652581368601,-0.1053880658925952,0.8571428571428571,0.016077164123425084,-0.06369281957328976,0.029499665361814698,3.0,1,0.3500364757554822,0
2025-04-25,0.007225264791618891,0.045984696756201426,-0.02106906403422182,0.2721929563129672,0.5316580895564146,-0.0989242577829269,0.5714285714285714,0.018069690751840468,0.03846735626994213,0.08442941254795033,3.0,1,0.362885240449733,0
2025-04-28,0.00038141420809401083,0.07016881326636071,-0.01803189801710048,0.2630726749539285,0.5316432477175685,-0.09858057469227643,0.42857142857142855,0.00844925613510269,-0.013306844894985459,0.05285948013211739,3.0,1,0.35511586559192876,0
2025-04-29,0.006299340378101537,0.05045039472783719,0.008405835160795738,0.26128363058134413,0.5274345794531883,-0.09290222690883043,0.5714285714285714,0.011368967466924496,-0.008656538299546823,0.047950250422731155,3.0,1,0.3338167137184206,0
2025-04-30,0.00039692408336877705,0.03535196306224386,0.002089875698434107,0.2598168990769114,0.5269356731691657,-0.09254217795672037,0.42857142857142855,0.011943759895629258,-0.023032329483041458,0.025561264493677238,3.0,1,0.36611405658411056,0
2025-05-01,0.007086914929300692,0.021389858390483907,0.006352321875179201,0.21765697413691995,0.5274200621213033,-0.08611110156997126,0.8571428571428571,0.03191817787587133,0.0703813387069322,0.01640912459903021,3.0,1,0.45368021459805763,0
2025-05-02,0.014844129127253636,0.029008722726118652,0.014868126932020886,0.21990125655626305,0.5294669796156922,-0.07254521675371228,0.5714285714285714,0.022230084319595913,0.12498605110107475,-0.00572799228875065,3.0,0,0.4862865224565612,0
2025-05-05,-0.005734294466325229,0.022893014051699412,0.05841474827417459,0.15783271669826507,0.4982312668392008,-0.07786351558504834,0.42857142857142855,0.01640956992248056,0.16417461303984537,-0.018725173953963115,4.0,1,0.5961469943388481,1
2025-05-06,-0.008358430352621848,0.008235243320976027,0.10859911108326004,0.15006556408326116,0.44822128948367107,-0.08557112916564225,0.14285714285714285,0.011952881114513446,0.1412834230632931,-0.03278317302337652,4.0,1,0.5183530108259301,0
2025-05-07,0.00420554784974847,0.01204386708735572,0.11458585203365723,0.14016176425477656,0.4475304572965414,-0.08172545479415694,0.5714285714285714,0.015464563585967421,0.13365690440809463,-0.025150851989176992,4.0,1,0.4477767538807882,0
2025-05-08,0.006967790512363292,0.01192474267041832,0.13721647866169284,0.10854130345941382,0.44089124160607457,-0.075327110130327,0.8571428571428571,0.011039752481906367,0.10008663383443017,-0.022929279775228295,4.0,1,0.4546639528078282,0
2025-05-09,-0.0012741154091596707,-0.004193501865994986,0.030923137641231335,0.10838972812572857,0.2572215751214794,-0.07650525010774212,0.5714285714285714,0.008093373646451215,0.05091916641719596,-0.010686618056411357,4.0,1,0.4863478702693419,0
2025-05-12,0.03304728894130027,0.03458808154163051,0.10778931310934303,0.18653826720330524,0.22211060382963765,-0.045986252272278816,0.8571428571428571,0.029737715295674517,0.1258941116496508,0.006000653560498392,4.0,1,0.4842401478644457,0
2025-05-13,0.006604046909964634,0.04955055880421699,0.09655065450426825,0.18656974785727784,0.21736879016547386,-0.03968590072953382,0.7142857142857143,0.07550583368086948,0.1795685498759434,0.011234315897495462,4.0,1,0.5023890658267849,0
2025-05-14,0.0012779543304903829,0.046622965284958906,0.08812717195098396,0.18590942126032853,0.21683464173697986,-0.03845866316774016,0.42857142857142855,0.018213670776027244,0.2221237943490012,0.027475247974748873,4.0,0,0.6296044312953158,1
2025-05-15,0.00488444746329697,0.044539622235892584,0.09581242904854392,0.18583340255630337,0.21533893161052547,-0.033762065024194654,0.42857142857142855,0.042007994698756074,0.19365815555254418,0.03619548875632117,4.0,0,0.48203083251738915,0
2025-05-16,0.006333973028259221,0.052147710673311476,0.12437431996686132,0.17881771213391978,0.1920353493980842,-0.027641940005177057,0.7142857142857143,0.024039120659418677,0.17199197931712262,0.028538655331857177,2.0,0,0.5987664115146311,1
2025-05-19,0.0010938140906693317,0.02019423582268054,0.1240414423803059,0.17065868052277225,0.19213697976093674,-0.02657836105797884,0.5714285714285714,0.03381244305822307,0.17918660043112444,0.040321787229504746,2.0,0,0.5132551468122029,0
2025-05-20,-0.003362231831992357,0.010227957080723549,0.1444819128503788,0.16087917153005288,0.16317795787276726,-0.02985123027837988,0.2857142857142857,0.011025114239003216,0.17286867282408225,0.012101419419008441,2.0,0,0.7050459377452195,1
2025-05-21,-0.01685069102724135,-0.007900688277008183,0.10161346290651241,0.19785025047252452,0.16734801949175165,-0.04619890744741717,0.0,0.016123692753109313,0.12266729313376745,0.0007648898823116035,2.0,1,0.6741033533078791,1
2025-05-22,0.0003946470773714683,-0.012390488662933685,0.08651275423492177,0.19772216322792566,0.16335999915278865,-0.045822492633847633,0.42857142857142855,0.010511922061535638,0.1278337259127852,-0.01984809052946912,2.0,1,0.6888393639353186,1
2025-05-23,-0.006825886893621624,-0.02555034858481453,0.0586378477402395,0.20314134954893803,0.15530171270748164,-0.05233560037556684,0.2857142857142857,0.010522793137795776,0.1223743281392875,-0.03095581406298309,2.0,1,0.8006092960577447,1
2025-05-27,0.020790776540780653,-0.005853386134703209,0.07220335948940126,0.15554761771160097,0.16686017987087287,-0.03263292160732212,0.8571428571428571,0.012259812840393267,0.10000449611019624,-0.04343978812934157,2.0,1,0.657938896835219,1
2025-05-28,-0.00578541447708103,-0.008276568779791882,0.06603653080422622,0.15644890382418575,0.16962818902495203,-0.03822954110730681,0.2857142857142857,0.0076831838731140885,0.0385708307684175,-0.05980856276452995,2.0,1,0.6944834745984915,1
2025-05-29,0.003947277340796251,0.012521399588245719,0.06368446776692094,0.1575362758882308,0.1692723278844512,-0.034433166367872414,0.8571428571428571,0.011688410521255204,0.029423034431670936,-0.045175433408447985,2.0,1,0.6523384444835809,1
2025-05-30,-0.0011184568183596477,0.011008295692514602,0.06216908686519251,0.15568917427416726,0.16965060398524526,-0.03551311117653022,0.42857142857142855,0.013090088043541954,0.004022918990599811,-0.059113597469195756,2.0,1,0.7191004981469058,1
2025-06-02,0.005633006470431523,0.02346718905656775,0.060715178406323345,0.15491107400320492,0.16927937127594853,-0.030080150291141194,1.0,0.004810400283621932,0.016445845653309865,-0.04819041424306725,2.0,1,0.5843061042229918,1
2025-06-03,0.005702485631296383,0.00837889814708348,0.05157353491036609,0.15769827575296805,0.1640266799904115,-0.02454919628466723,0.7142857142857143,0.012328049493465458,0.04314180088048114,-0.02501457114293415,2.0,1,0.6543848426369748,1
2025-06-04,-0.0002684438644731113,0.013895868759691399,0.05703938551221821,0.15647261656202172,0.1616636868849393,-0.02481105006801998,0.42857142857142855,0.007528690135548503,0.05687650442181735,-0.02518892624038549,2.0,1,0.698862384680844,1
2025-06-05,-0.0048327690561892345,0.005115822362705913,0.060565046808650824,0.12808032585698087,0.15906090212494892,-0.029523913049188888,0.2857142857142857,0.008761730349313353,0.062476487223940946,-0.017491904335888986,2.0,1,0.7015597384918435,1
2025-06-06,0.010268979858962801,0.016503259040028362,0.06662847881786516,0.13455327633537786,0.16106978603175975,-0.019558113658685983,1.0,0.007803538129076805,0.06701987147147115,0.01312597945409233,2.0,0,0.6636623361124564,1
2025-06-09,0.0009012828881442836,0.011771535457741122,0.06056197119364615,0.12435860489327163,0.16063916356706426,-0.01867445816370672,0.7142857142857143,0.008497273506193805,0.08503480972954447,0.019256572432210906,2.0,1,0.7046492338538315,1
2025-06-10,0.005669664668890739,0.011738714495335478,0.06750575127169656,0.08127536324492472,0.16017474887322017,-0.013110671410477392,0.8571428571428571,0.007877301472988835,0.06229315894709819,0.03593556455887925,2.0,0,0.5941031920703976,1
2025-06-11,-0.0028519145907881516,0.009155243769020438,0.03160654773960814,0.07444227630890103,0.11888023017003939,-0.015925195486174992,0.42857142857142855,0.016981745911958206,0.05960483593293853,0.06904864275958822,2.0,0,0.6103641882007754,1
2025-06-12,0.003974226097154476,0.01796223892236415,0.02897672692679798,0.07445904274080868,0.1178031582409145,-0.012014259716524034,1.0,0.009630605221992475,0.04230755058007729,0.06721082809601175,2.0,0,0.44202881257967325,0
2025-06-13,-0.011179962144145295,-0.003486703080743947,0.016518810452162302,0.10012867411974827,0.12558649418374593,-0.02305990289184856,0.14285714285714285,0.013961792530035677,0.05057967024688903,0.09278933005630641,2.0,1,0.5530226128698038,1
2025-06-16,0.009514092086442716,0.005126106117554485,0.021148455075308048,0.10652095486508226,0.12848055657020305,-0.013765204845023304,0.8571428571428571,0.011485911022941426,0.05308799948935827,0.08866879708617004,2.0,1,0.5307765776747579,1
2025-06-17,-0.008545134970438073,-0.009088693521774327,0.006269347076610754,0.1151545180548301,0.1310212439212053,-0.02219271428216496,0.2857142857142857,0.008562680680879153,0.021196864542036953,0.09490438941590928,2.0,1,0.4658614257064429,0
2025-06-18,-0.00015063576973428638,-0.006387414700720462,0.005024897216207136,0.11514075514227949,0.1309969859602286,-0.022340007035300813,0.5714285714285714,0.009816108687889036,0.025676703225618103,0.10224992409443445,2.0,1,0.38711453494566156,0
2025-06-20,-0.002348432728309091,-0.01271007352618403,0.006038696319890402,0.11270346358240936,0.13069251430215295,-0.02463597575993759,0.42857142857142855,0.014791343102589751,0.028071531576640663,0.12018469670324972,2.0,1,0.42140211845272696,0
2025-06-23,0.009877272330390152,0.008347160948351418,0.0327666596775219,0.1117685186221675,0.11878453558517112,-0.015002039671253242,0.5714285714285714,0.014118395432271266,0.017938043763441103,0.07041668278639523,2.0,1,0.4949987077829865,0
2025-06-24,0.011047312688599487,0.009880381550508188,0.04341932528874992,0.12378314346147146,0.12312025210988933,-0.004120459205868898,0.7142857142857143,0.01920965429221318,0.03738907792595647,0.033275655847229135,2.0,1,0.4886885743332356,0
2025-06-25,0.0005602631887811071,0.01898577970972737,0.05080547537115265,0.12160292567148234,0.11898700778385662,-0.0035625045587016624,0.7142857142857143,0.01755082580564142,0.07140444348617025,0.012117716359329567,2.0,1,0.691100281108648,1
2025-06-26,0.007823983437742932,0.026960398917204587,0.03783868226811493,0.12394644372115787,0.10085852081544958,0.0,0.8571428571428571,0.009357842713290569,0.08378611532999913,0.007574004828180492,2.0,1,0.7191552107018135,1
2025-06-27,0.0049683312642012645,0.03427716290971494,0.048592428009397226,0.12447626214991253,0.09748873691930775,0.0,0.5714285714285714,0.014383611354107,0.08620382560146667,-0.0018142602676342046,2.0,1,0.6499512653413806,1
2025-06-30,0.004781105489127135,0.029180996068451925,0.04942625615772811,0.09996800719347108,0.09770730690005344,0.0,0.7142857142857143,0.01354407490241049,0.1086217055892672,-0.03804002842306198,2.0,1,0.6432699308178786,1
2025-07-01,-0.0003235797161743603,0.01781010366367808,0.0502211332599134,0.096221154080771,0.09738968486355205,-0.0003235797161743603,0.7142857142857143,0.023194607991107348,0.05977739380887537,-0.027892938388246247,2.0,1,0.5815094340387948,1
2025-07-02,0.0045332765158159205,0.021783116990712892,0.049121403305297795,0.07268035488515202,0.09700221958840832,0.0,0.5714285714285714,0.028009591828993482,0.0894834526821564,-0.02483725954121585,2.0,1,0.519028208932274,0
2025-07-03,0.007881485161686852,0.021840618714656812,0.051300402835688264,0.07075786453746105,0.09823997371414915,0.0,1.0,0.005767288706313925,0.09333754672802397,-0.007376446450187202,2.0,0,0.5426888390439512,1
2025-07-07,-0.007452114780816754,0.009420172669638793,0.04411673191934462,0.08791492540142103,0.10373610854282635,-0.007452114780816754,0.14285714285714285,0.0066301055884677275,0.09763846897114214,-0.030431518138292146,2.0,1,0.7233435581066132,1
2025-07-08,-0.0005477162177452977,0.00409135096276636,0.04840178475778856,0.08516150678535395,0.10115735669515563,-0.00799574935444014,0.5714285714285714,0.019994431577254165,0.10653633870631374,0.02309528814883477,2.0,1,0.6764344832078949,1
2025-07-09,0.005996626767211355,0.010411557446152075,0.04412943166603711,0.07557635368087527,0.09795101839560606,-0.0020470701118314727,0.7142857142857143,0.011868414620725961,0.09866416486785512,0.050107694640787015,2.0,1,0.6108794272032361,1
2025-07-10,0.002820211585405019,0.008698492515741174,0.04604836036329785,0.07452671320084733,0.0978803111610145,0.0,0.5714285714285714,0.009688565089893969,0.0628141798607863,0.059760399058893965,2.0,1,0.4415045739331726,0
2025-07-11,-0.0035153258608029425,-0.0026983185067486204,0.036863369833604165,0.07590646721441342,0.09893511944421951,-0.0035153258608029425,0.7142857142857143,0.007869176117156793,0.06320996883404517,0.04916199746329708,2.0,1,0.5922498189649562,1
2025-07-14,0.0019082159291465839,0.006662012203214718,0.0416235003535389,0.07398920027919206,0.09750585822829023,-0.001613817932460071,0.2857142857142857,0.007860771369219326,0.04044540149011355,0.041626481178343666,2.0,1,0.3244807495188615,0
2025-07-15,-0.004273265144196681,0.0029364632767633347,0.03337600911218774,0.07701651159742881,0.0995469875159383,-0.005880186804736787,0.5714285714285714,0.02112920738888712,0.07933358690261982,0.04720565581392189,2.0,1,0.6895136367516522,1
2025-07-16,0.0033431911185151097,0.0002830276280670896,0.04789916237484815,0.07784349791646188,0.08813237409735558,-0.002556654274522563,0.42857142857142855,0.006674911297263328,0.1129441403377428,0.027825218461077994,2.0,1,0.5244905124883387,1
2025-07-17,0.006119689977517551,0.003582506020179621,0.04450476026592298,0.08019198128345281,0.08536310963514321,0.0,0.5714285714285714,0.010459931117603204,0.09668908535865273,0.006177243799874943,2.0,1,0.5673471353729833,1
2025-07-18,-0.0007324129021104575,0.006365418978872106,0.0523174823342506,0.07135212728700034,0.076939643525642,-0.0007324129021103465,0.42857142857142855,0.01589081130176552,0.07998792632094354,-0.03901628772898469,2.0,1,0.43016804133467285,0
2025-07-21,0.001896175165666536,0.006353378215392058,0.05436429326965142,0.05657012789975843,0.07637873679149129,0.0,0.5714285714285714,0.006496598815325709,0.08091723065379353,-0.02670340002608862,2.0,1,0.3724197057336182,0
2025-07-22,0.0001431211632245688,0.010769764522813308,0.05685584716118508,0.05604162995532657,0.07482120171935155,0.0,0.5714285714285714,0.012727028083408313,0.04441253864209538,-0.04988884456097731,2.0,1,0.4200744763715312,0
2025-07-23,0.00850744324203112,0.01593401664632932,0.05548601807282605,0.0628488086244366,0.07330230794906548,0.0,0.8571428571428571,0.010822614868143076,0.04886373722009052,-0.033667067337637024,2.0,1,0.4305256092341682,0
2025-07-24,0.00033114960935609616,0.010145476278167864,0.04476985499358266,0.06276177728614211,0.06694387019333467,0.0,0.5714285714285714,0.022466954483080743,0.05870571103115074,-0.0357735241886975,2.0,0,0.44149512928559953,0
2025-07-25,0.004224252618048929,0.015102141798327251,0.04843384442285048,0.057705759314847074,0.06706315357998516,0.0,0.5714285714285714,0.005133438461360509,0.05232736260425486,-0.043644140030230094,2.0,0,0.39846978487340934,0
2025-07-28,-0.0002510035553040524,0.012954963077356663,0.040358857429803496,0.05896003912363996,0.06447600265675672,-0.0002510035553040524,0.7142857142857143,0.00730042547754989,0.076213344980395,-0.021142513788552808,2.0,0,0.4349247029665155,0
2025-07-29,-0.0026376486020820433,0.01017419331205005,0.03275287756352019,0.054547600901803696,0.06532568383972799,-0.002887990098209281,0.2857142857142857,0.02823301857357296,0.028788150692932724,0.0006451575315934432,2.0,0,0.4320758137108848,0
2025-07-30,-0.001259331011043141,0.00040741905897578867,0.026712441063349912,0.05645698891840937,0.06492243343798651,-0.004143684173762208,0.5714285714285714,0.01282904885395847,0.04628642571232866,-0.002014070240952015,2.0,0,0.4533969183134607,0
2025-07-31,-0.0037512265266995692,-0.0036749570770798767,0.023284794252824703,0.05624297275907204,0.06703529099993229,-0.007879366802470922,0.2857142857142857,0.0309978519574054,0.028965477883704738,0.0007411332733108233,2.0,1,0.4970499775173755,0
2025-08-01,-0.016390369519761472,-0.024289579214890278,0.002361148217247311,0.10271890800148403,0.08911606918767326,-0.02414059058875817,0.0,0.023755037347226792,0.009044223163988008,0.017664414293366404,1.0,1,0.4703107226358151,0
2025-08-04,0.01519971367995021,-0.008838861979636015,0.00967937673551067,0.13079863803167044,0.10008553613461706,-0.009307806973821942,0.7142857142857143,0.020144133681149427,0.05116839680213314,-0.00563786096181651,1.0,1,0.5982923923717314,1
2025-08-05,-0.005069869050569054,-0.011271082428123025,0.01206162246575837,0.13368425386936877,0.09803150272302312,-0.014330486661885855,0.2857142857142857,0.019202186366372765,0.06688388489684571,-0.011383546616211326,1.0,1,0.7387081645526958,1
2025-08-06,0.007659679494191662,-0.0023520719228882214,0.02026901817769533,0.1322138218628334,0.10092787568470457,-0.006780574102519976,0.42857142857142855,0.026303116618368858,0.050940212808532004,-0.030996992180702065,2.0,1,0.651163767284801,1
2025-08-07,-0.0008376239960258269,0.0005615306077855209,0.013434767414458149,0.1322139043433155,0.09940015286194158,-0.007612518526970757,0.42857142857142855,0.015297612399309848,0.0411323585526836,-0.04407804721980113,2.0,1,0.6047555476446894,1
2025-08-08,0.007797572699558275,0.024749472827105268,0.018412128528611404,0.13678408211139295,0.10223098344183935,0.0,0.8571428571428571,0.015430421897174773,0.053190202121986996,-0.03253518501027264,2.0,1,0.6571890037413031,1
2025-08-11,-0.001977539647394999,0.007572219499760058,0.019949914742019348,0.13716311289765468,0.10153495977648337,-0.001977539647394999,0.2857142857142857,0.005691166087891464,0.030955197539312307,-0.05103771317497041,2.0,1,0.4358859619710654,0
2025-08-12,0.010646017662282237,0.023288106212611348,0.028687716475155,0.14626182364706133,0.10694171852287403,0.0,1.0,0.011905574409262421,0.044012869740179705,-0.061124860660322744,2.0,0,0.5858467476163153,1
2025-08-13,0.003423147456803166,0.019051574175222852,0.03638412907615485,0.1459442259380395,0.10513609896564907,0.0,0.5714285714285714,0.019239831270171735,0.014017696610220898,-0.038592083756557205,2.0,0,0.5195423235825878,0
2025-08-14,9.306090191762983e-05,0.01998225907316631,0.03313399885955737,0.14319589724591583,0.10511158322678972,0.0,0.5714285714285714,0.011233924219028787,0.024195087100608914,-0.03831311414864236,2.0,0,0.5051778236108785,0
2025-08-15,-0.002341289856780615,0.009843396516827418,0.024673019025259202,0.10472620880974998,0.10459014460712295,-0.002341289856780615,0.42857142857142855,0.04736342310273262,0.03890130904420608,-0.019458555216779083,2.0,1,0.4890343160377016,0
2025-08-18,-0.00021753577502092725,0.01160340038920149,0.025187896152348732,0.08259008250066827,0.10448699563020196,-0.0025583163174979218,0.7142857142857143,0.00691598411720905,0.011396280090637534,0.0034053698140132926,2.0,0,0.35595392674512244,0
2025-08-19,-0.0054252252305696524,-0.004467842503650399,0.017866495756112544,0.08344671014701568,0.1069215457083425,-0.007969662105834163,0.14285714285714285,0.013378764092114762,-0.0139349557308579,0.011175395035494584,2.0,1,0.6954211960773969,1
2025-08-20,-0.0026570836306466505,-0.010548073591100215,0.015066290962241324,0.07942012706056428,0.10759296978843053,-0.01060556967775761,0.2857142857142857,0.011795801200807294,-0.021808877381685687,0.028315731419196744,2.0,1,0.4757555614979747,0
2025-08-21,-0.004011822287558586,-0.014652956780576432,0.0025470254326516173,0.0828342082914429,0.10487801974634114,-0.014574844304510726,0.2857142857142857,0.006902701017387484,-0.031727870815683845,0.040023476531616975,1.0,1,0.3684720435695698,0
2025-08-22,0.0153567897013831,0.0030451227775872836,0.01757266552467862,0.10666170331730349,0.11742274499093996,0.0,1.0,0.007667017424421886,-0.02520225819095545,0.05076851128713833,2.0,0,0.3332546264488647,0
2025-08-25,-0.004401062092461827,-0.0011384035398536163,0.008947350814167865,0.10939851862638472,0.11808709753474883,-0.004401062092461827,0.2857142857142857,0.006469486794970758,-0.011473963843750212,0.06398458250514683,1.0,0,0.44106179789774763,0
2025-08-26,0.004187036349890816,0.008473858040606852,0.013385390719362733,0.09770960316615353,0.11876529229957318,-0.00023245314953024288,0.5714285714285714,0.00981502665050225,-0.006615532223455789,0.058912594784458316,2.0,0,0.34303310928183833,0
2025-08-27,0.0022785132820093423,0.013409454953262845,0.01830155260345412,0.09688363922988334,0.1182771390435469,0.0,0.8571428571428571,0.004980183204180259,0.001021013705197249,0.0563630790717341,2.0,1,0.35946989983973754,0
2025-08-28,0.003541457922389135,0.020962735163210566,0.023102341536886395,0.09822840067601425,0.11835651451218517,0.0,0.7142857142857143,0.007113874940382983,-0.00922150609468908,0.06372905414420671,2.0,0,0.33838206252336833,0
2025-08-29,-0.00596377589262187,-0.0003578304307944036,0.020889792170964094,0.1028710610799005,0.11973930603931586,-0.00596377589262187,0.42857142857142855,0.017902887726565682,-0.0338424755136455,0.07108214190234918,2.0,1,0.3298064378173004,0
2025-09-02,-0.007410295555874247,-0.003367063894206823,0.02986986613485132,0.10991843381636314,0.10663482679832081,-0.01332987810650288,0.14285714285714285,0.008002789622782084,-0.06200737646202692,0.07242219454736076,2.0,1,0.39294647151010725,0
2025-09-03,0.0054195597134076845,-0.0021345405306899545,0.020089712168308793,0.10965699315902318,0.0955156630317274,-0.007982560463465793,0.42857142857142855,0.018413005540359646,-0.027946369724062614,0.04162381511274904,2.0,1,0.26671722775056395,0
2025-09-04,0.008357551677008246,0.003944497864308949,0.03351713289588609,0.11424540535413627,0.0961643859216665,0.0,1.0,0.013874623092904463,-0.020484477684897362,0.035668996845565015,2.0,1,0.29696194651550717,0
2025-09-05,-0.002896432414554062,-0.0024933924726342482,0.022961020987140368,0.11280240283024853,0.09471936283132101,-0.002896432414554062,0.14285714285714285,0.017647297759048004,-0.045119946485917994,0.0010162712641970106,2.0,1,0.4579920561921678,0
2025-09-08,0.0024568274439626947,0.005927210863950316,0.02625547242712889,0.08460731963315318,0.09456048944701077,-0.0004467210052369053,0.7142857142857143,0.008914443830491085,-0.05459837707989279,-0.012075431999003072,2.0,1,0.3101069659367025,0
2025-09-09,0.002311730524016564,0.015649236943841127,0.02076963025158718,0.08018825958221154,0.0916389557466934,0.0,0.8571428571428571,0.0322790526889342,-0.050267266857601856,-0.008926397787392792,2.0,1,0.415776573136243,0
2025-09-10,0.0028908542790047065,0.01312053150943815,0.025638024177986884,0.0791057884886102,0.09120396973089874,0.0,0.5714285714285714,0.02585418187342942,-0.02269252711475067,0.010030291000988067,2.0,1,0.42176282622209443,0
2025-09-11,0.008310170355944058,0.013073150188373961,0.023302176871648705,0.08702337065085267,0.0884807426035095,0.0,0.5714285714285714,0.0098361856222617,-0.022603415614191325,-0.00447123533254834,2.0,1,0.39724391716452406,0
2025-09-12,-0.0003346129431468503,0.015634969659781173,0.01954441647169869,0.08690423596336534,0.08819983500453046,-0.00033461294314696133,0.7142857142857143,0.009790598902023068,-0.011059914326756126,-0.00961419389540319,2.0,1,0.39767095218654336,0
2025-09-15,0.00532404605028769,0.018502188266106168,0.02477540162006875,0.07850279785098947,0.089426801712207,0.0,0.7142857142857143,0.007550204885213354,0.021792738976394443,-0.016213240438442855,2.0,1,0.33162530462098705,0
2025-09-16,-0.0013768857905647192,0.014813571951524884,0.025739805686284645,0.06124457947065309,0.08900978172588009,-0.0013768857905647192,0.5714285714285714,0.015961091294723114,0.025166389921012167,0.0010256800738884797,2.0,1,0.4627479481427275,0
2025-09-17,-0.0012424352925486382,0.01068028237997154,0.024714906168756934,0.06311835052392381,0.08928953761046075,-0.0026176103916133453,0.7142857142857143,0.012365579373850744,-0.00014327598856511692,0.03058402093781476,2.0,1,0.44070197211873147,0
2025-09-18,0.004672445142330339,0.007042557166357821,0.034812576541656925,0.05561111399088367,0.08669597159106329,0.0,0.2857142857142857,0.017374363478558023,0.028701820566586767,0.014409179328631061,2.0,0,0.47128731412115094,0
2025-09-19,0.004952874775332017,0.012330044884836688,0.04242253494763559,0.04987826321007639,0.08592828943415567,0.0,0.8571428571428571,0.013536866651717232,0.05817166331013357,0.032869250682889484,2.0,0,0.562631448929163,1
2025-09-22,0.004731007968096224,0.011737006802645222,0.0511653652032904,0.05074361108156061,0.08349827723373458,0.0,0.42857142857142855,0.02426018105867447,0.08973044762488758,0.020102290594433248,2.0,0,0.5398951127694117,1
2025-09-23,-0.0054434748398075605,0.007670417753402381,0.030365100662099742,0.06633114340516412,0.0734258868092881,-0.0054434748398075605,0.42857142857142855,0.019593379804976902,0.04696198462661272,0.030048512922183912,2.0,1,0.5425984395201144,1
2025-09-24,-0.003181633452613686,0.005731219593337333,0.03158452930194788,0.07148846324635925,0.07231547797587166,-0.008607789150772427,0.5714285714285714,0.007277267594523896,0.00030431690095145125,0.018682366306345788,2.0,1,0.41742755224244854,0
2025-09-25,-0.0046134974884720625,-0.0035547230374650685,0.022783995463585005,0.06702980756431502,0.0745915575626479,-0.013181574625616088,0.5714285714285714,0.01199984674052645,0.005218930288470536,0.03087329379459014,2.0,1,0.42266346523587306,0
2025-09-26,0.005729144366994232,-0.002778453445802853,0.026234626548569895,0.07202441648621583,0.07622709428652402,-0.007527949402636347,0.7142857142857143,0.007227080107462666,0.004363929780020981,0.04479657620463562,2.0,1,0.31815289368990646,0
2025-09-29,0.0028103664411398555,-0.004699094972759221,0.025503535067320615,0.06878774548203656,0.07599179999114375,-0.004738739257868274,0.5714285714285714,0.014413631465084521,0.02529755319914806,0.017509729509186167,2.0,1,0.403849493301344,0
2025-09-30,0.0037668667591119753,0.004511246626160315,0.03523417771905446,0.0692759772544026,0.07176899764871451,-0.0009897226981467888,0.5714285714285714,0.012994772085232543,0.06745417609713267,-0.01609893736251622,2.0,1,0.38543489352136834,0
2025-10-01,0.0034075694259330103,0.01110044950470701,0.04605204270086172,0.06858066629580033,0.06385601795114346,0.0,0.7142857142857143,0.008185516782688994,0.0972382921553201,-0.028158743266428865,2.0,1,0.4113779698972865,0
2025-10-02,0.001151711603039951,0.016865658596219024,0.041784194590493984,0.06653049450822217,0.06284222062446905,0.0,0.5714285714285714,0.009975342616725193,0.0711099243552542,-0.02261291302278956,2.0,1,0.4481088104392759,0
2025-10-03,-1.4767362221612679e-05,0.01112174686700318,0.033411875551264125,0.0635660520673465,0.058709398669774045,-1.4767362221612679e-05,0.7142857142857143,0.011650995969285323,0.0619466123703849,0.0048313878605305005,2.0,0,0.4925537175713586,0
2025-10-06,0.003586228910336109,0.011897609336199433,0.039894536876154296,0.0618373773353705,0.05672746019665277,0.0,0.5714285714285714,0.010813601624186498,0.011578063824417284,0.020221770161523267,2.0,0,0.47545112592119787,0
2025-10-07,-0.003707492250961897,0.004423250326125561,0.033730217181229705,0.057451169993993856,0.05989534476304567,-0.003707492250961897,0.42857142857142855,0.007168286546773511,0.03709521418505579,0.0035182594222549213,2.0,0,0.4515907345491223,0
2025-10-08,0.005963052412792269,0.0069787333129848195,0.03738153907000541,0.057629281483653205,0.061744281252405296,0.0,0.7142857142857143,0.012046122444652493,0.06727298721024855,-0.003935490666699737,2.0,0,0.4588898434393343,0
2025-10-09,-0.0028970083792374535,0.002930013330707415,0.03159367641176325,0.052708001950940456,0.06365796503415858,-0.0028970083792374535,0.42857142857142855,0.01210715024247515,0.08150073731777241,-0.022661433506837247,2.0,0,0.4840120989837681,0
2025-10-10,-0.02702782789908964,-0.024083047206160613,-0.0037443218432704484,0.1514596631735245,0.11391673320066745,-0.029846536434430804,0.0,0.013979622920449228,0.029821454381413037,-0.056070547656857816,1.0,1,0.7261615810608969,1
2025-10-13,0.015344074693208754,-0.012325201423287968,0.011934365793085155,0.17257199544309146,0.12595680912309484,-0.014960429225605476,1.0,0.0078257054180211,0.037453773259376266,-0.016840977973396343,2.0,1,0.5087266847333368,0
2025-10-14,-0.0012216548034567065,-0.009839363975782778,0.005388664939340759,0.17130078193980078,0.12487915944836911,-0.01616380754883695,0.42857142857142855,0.017145583426105174,-0.03257758020525403,-0.003525574542347365,1.0,1,0.6164430678149709,1
2025-10-15,0.004439615866679292,-0.011362800521895755,0.01120516659658477,0.17204371607351712,0.12554423425571137,-0.011795952778617447,0.42857142857142855,0.006207547349560655,-0.03722592955401138,-0.002840705476446881,1.0,1,0.5532255642809528,1
2025-10-16,-0.006810260525524803,-0.015276052668183104,0.005637341363608606,0.17460686438210474,0.12799435173768872,-0.01852587979257303,0.14285714285714285,0.010334978059298568,-0.03502778031677001,-0.005281170605604846,1.0,1,0.6873932959763144,1
2025-10-17,0.005676300358907982,0.017428075589814518,0.006641196580186248,0.17802388237807004,0.1284758944055358,-0.01295473789178081,0.5714285714285714,0.009505360641491004,-0.020548756622835063,-0.008521365279019033,1.0,1,0.5795951498164784,1
2025-10-20,0.010400475399621634,0.012484476296227398,0.012088797204475865,0.1857016093041341,0.13228259794763939,-0.002688997924911174,0.8571428571428571,0.013984062306960029,-0.01262825695962444,-0.012722395790143892,1.0,1,0.5787440226176738,1
2025-10-21,-1.4995920012528252e-05,0.013691135179671576,0.007342793316367113,0.18455012832396156,0.1314229937916742,-0.0027039535209258947,0.7142857142857143,0.013126835137835592,-0.018036671322867792,-0.01315911002503567,1.0,1,0.5772968313132871,1
2025-10-22,-0.005198815962920711,0.004052703350071574,0.007587452193253963,0.18360778146897655,0.13128977339219855,-0.007888712127118946,0.2857142857142857,0.012877774832014662,-0.04488958649867525,0.0066860737063174636,2.0,1,0.6657455255741539,1
2025-10-23,0.005929891190499692,0.01679285506609607,0.01669897683636734,0.18602308243511567,0.1319838894241718,-0.0020056001411662416,0.8571428571428571,0.006483518102564528,-0.05275759370434552,0.027492478062420944,2.0,1,0.4228872938211158,0
2025-10-24,0.008172571104630766,0.019289125811818852,0.02948504542947017,0.11068987902802802,0.13281122870380324,0.0,0.8571428571428571,0.009478316030446837,0.018615393966533667,0.041712877948330784,2.0,1,0.4387219000571052,0
2025-10-27,0.011797712023148943,0.02068636243534616,0.03555361308562488,0.10124769293116735,0.13690208283315766,0.0,1.0,0.007957488050522434,0.018522360354963796,0.0328426738111941,2.0,0,0.47706065168517187,0
2025-10-28,0.002655998956591077,0.023357357311949767,0.0353992456010761,0.09820604224464508,0.13688725187645656,0.0,0.8571428571428571,0.018835587620398806,0.11236304855645673,0.024548162362532988,2.0,0,0.7003117549532705,1
2025-10-29,0.0004802976988058649,0.029036470973676343,0.03211267654076999,0.099380849224022,0.13673101671456414,0.0,0.7142857142857143,0.019207568613810823,0.14336999435738318,0.04294855393251906,2.0,0,0.6301566061522539,1
2025-10-30,-0.010998144919191377,0.012108434863985273,0.017706962195645604,0.11265738021543682,0.14319135437260605,-0.010998144919191377,0.2857142857142857,0.0181092969560596,0.11231524145677241,0.03652581173970848,2.0,0,0.7758134788748342,1
2025-10-31,0.0032802806107155025,0.00721614437007001,0.019835531203321155,0.1116356388191556,0.14343877715001577,-0.007753941310008172,0.2857142857142857,0.03849459225902165,0.10258830144971587,0.019187215964180826,2.0,0,0.688817814874496,1
2025-11-03,0.0018766870879645126,-0.0027048805651144203,0.02172698565350728,0.10292774912281027,0.1434290364739109,-0.005891805943580963,0.2857142857142857,0.02085749391597741,0.12743405513221406,0.009842216033080553,2.0,0,0.7651843164615728,1
2025-11-04,-0.011853539942447533,-0.01721441946415303,0.006287216800723638,0.12380617558575052,0.14979899822558176,-0.017675507128943058,0.2857142857142857,0.015417933588147487,0.095949138308974,0.01309372393072128,1.0,1,0.7601863095490119,1
2025-11-05,0.003465389196996238,-0.014229327965962657,0.013460098248681773,0.11999666434248084,0.14944186801420462,-0.014271370443402875,0.42857142857142855,0.009333711590253143,0.08329212603885094,-0.00868098272726403,1.0,1,0.7337388448356955,1
2025-11-06,-0.010729333212666003,-0.013960516259437283,-0.0032322873767764992,0.13130970459063745,0.1530939952352043,-0.024847581367180238,0.2857142857142857,0.01716200784022538,0.03633915079688832,-0.012539133580833584,1.0,1,0.7363352383213299,1
2025-11-07,0.0009845075813768034,-0.016256289288775982,0.0006492285838377576,0.12320717798381453,0.15280789317817978,-0.023887536418038424,0.7142857142857143,0.009288006819023533,0.014203457617463777,0.016303375350435134,1.0,1,0.5484109353168077,1
2025-11-10,0.015604434791510524,-0.002528541585229971,0.04328149127443792,0.13510327411097836,0.12684742179962136,-0.008655853130892899,0.8571428571428571,0.02075236911790945,0.044057033106384424,0.020067815407034395,2.0,0,0.5980735183546362,1
2025-11-11,0.0022891497024457585,0.01161414805966332,0.030226566283674927,0.1348739080403017,0.11732658866910216,-0.00638651797206613,0.7142857142857143,0.017286992536881284,-0.035353317579314925,0.04111261844757352,2.0,0,0.4246364983736332,0
2025-11-12,0.0005563986064420767,0.00870515746910916,0.03200461969357371,0.13489088372921715,0.11697963128701905,-0.005833672815323765,0.5714285714285714,0.018673579971465584,-0.06193611332496596,0.014909230252645123,2.0,0,0.541794141213907,1
2025-11-13,-0.016594021470737852,0.002840469211037311,0.010970982356156567,0.1491912441933572,0.1320901253039677,-0.02233089019411083,0.14285714285714285,0.015745023301798725,-0.07770175079717856,0.03569513693667248,2.0,0,0.3988632203664382,0
2025-11-14,-0.00016358609958400105,0.0016923755300765064,0.01761765678209737,0.14734253936118416,0.12942079889981986,-0.022490823270467808,0.42857142857142855,0.01891970412147407,-0.05801651229263649,0.05156498744183646,2.0,0,0.396545330478534,0
2025-11-17,-0.009316523930962162,-0.02322858319239618,0.002624832492227225,0.15092329571637872,0.1327385082292631,-0.03159781090820357,0.0,0.005887981084116417,-0.09846918583512132,0.04331501873798316,2.0,1,0.43364377501987705,0
2025-11-18,-0.00839746055820656,-0.0339151934530485,-0.01617310346560097,0.1458876531569425,0.13035444674236157,-0.0397299300955829,0.14285714285714285,0.019462741880036303,-0.08696247812430946,0.05144653408353639,1.0,1,0.5053362652206719,0
2025-11-19,0.003863199783587179,-0.030608392275903396,-0.012294907762001261,0.1463354915162309,0.13132618932149293,-0.03602021496934282,0.5714285714285714,0.01621614430855259,-0.04099611753427568,0.041362511619051245,1.0,1,0.43489055950970074,0
2025-11-20,-0.015242336682765423,-0.029256707487930966,-0.022338428481845973,0.15519464564308513,0.14008803656737184,-0.050713519408159935,0.14285714285714285,0.01332278453611417,-0.035996172045675845,0.03133716683275123,1.0,1,0.48402583080948036,0
2025-11-21,0.009961222976632822,-0.019131898411714143,-0.018307096695712843,0.16714925002058822,0.1432834847565222,-0.0412574651062817,0.5714285714285714,0.015464677855992726,-0.046111235538208506,0.008094439243759743,1.0,1,0.5900735028895611,1
2025-11-24,0.014718507062180475,0.004903132581428493,-0.011761160738163134,0.16461458955051156,0.15012088607399354,-0.027146206335635692,0.5714285714285714,0.013105273324898236,-0.083527381007243,-0.009917143460739242,1.0,1,0.6607092896468821,1
2025-11-25,0.00940589965210692,0.022706492791741972,-0.014152973109205158,0.17325399834074942,0.14785155265695113,-0.017995641176257182,0.7142857142857143,0.017353145700766782,-0.0798474507058956,-0.03570245996859034,1.0,1,0.724435846373465,1
2025-11-26,0.006903575013019525,0.02574686802117432,-0.00990539705277671,0.17784359141478084,0.14977656257853803,-0.011216300422005276,0.8571428571428571,0.0077434498700231745,-0.06943916215119061,-0.019573118223685015,1.0,1,0.6805785962978829,1
2025-11-28,0.005458406338614941,0.04644761104255468,-0.004927288412967634,0.15489079233147723,0.15116157648194228,-0.0058191172087096454,0.8571428571428571,0.01264009878734324,-0.051713973382990774,-0.015225272972960835,1.0,1,0.6793554858744972,1
2025-12-01,-0.004565415602551193,0.03192097246337067,0.0015054409036725502,0.15793517564748416,0.1469747105051826,-0.010357966122763074,0.5714285714285714,0.014349839496618638,-0.05293055660373769,-0.02209291213775033,1.0,1,0.6931171274557018,1
2025-12-02,0.0018522092741120044,0.019054674675302197,7.736956706905218e-05,0.1464925946873288,0.146664819471296,-0.008524941969564548,0.7142857142857143,0.007491880864946042,-0.02559854360348046,-0.019314012547478998,1.0,1,0.6559481442839199,1
2025-12-03,0.0034627677932603795,0.013111542816455657,0.0016634502723649192,0.13355246745612342,0.14702251386191797,-0.005091694070795794,0.42857142857142855,0.024302358223461638,-0.00782230553238672,-0.009811573793606088,1.0,1,0.6699545414233044,1
2025-12-04,0.0007310561539983773,0.006939023957434509,0.01424804636881083,0.1342911940956136,0.1404700286706151,-0.0043643602310821095,0.42857142857142855,0.015002456075179771,-0.01511364103020063,-0.0013002578194651893,1.0,1,0.7020267847481632,1
2025-12-05,0.0018995368427094927,0.0033801544615290613,0.012682194014524084,0.08757579608736225,0.1401830290328569,-0.0024731136514264396,0.2857142857142857,0.004682781826399152,0.011121620550062605,-0.0036100942091091826,1.0,0,0.4621190666431338,0
2025-12-08,-0.0030042775146746914,0.004941292549405563,0.020407249712515396,0.09105523158455325,0.13476327509014407,-0.0054699612463668945,0.42857142857142855,0.01268567801495008,0.03807874181168591,-0.008928154388917364,2.0,0,0.6902257919018924,1
2025-12-09,-0.0008631449669616043,0.002225938308331954,0.01855959716417699,0.06915811589191675,0.13491298401743793,-0.006328384843809265,0.42857142857142855,0.020415351078986607,0.014436296430238693,0.020124880647106602,1.0,0,0.5689287634506185,1
2025-12-10,0.00663226800901473,0.0053954385240863045,0.009587430381681195,0.06201847320304646,0.12585385744375305,0.0,0.7142857142857143,0.018963358007212213,0.0339134805489657,0.04362347148813861,1.0,0,0.4149016047135523,0
2025-12-11,0.002326948130527251,0.006991330500615178,0.009625228809762687,0.055489733832854854,0.12586086036624394,0.0,0.42857142857142855,0.01539842475865702,0.00468417562985568,0.04135291716429068,1.0,0,0.4564950178675435,0
2025-12-12,-0.010752057995096265,-0.005660264337190579,-0.0016832277917756544,0.0775284363782712,0.13171024106012513,-0.010752057995096265,0.42857142857142855,0.015553845463080062,-0.009895427111497934,0.025309806001836632,1.0,1,0.5611720930296171,1
2025-12-15,-0.0015107978831542246,-0.004166784705670112,0.013399995795807973,0.07418787968946265,0.11747661783636668,-0.012246611691791975,0.2857142857142857,0.009109748674764977,-0.019136373866003975,0.010263875212777163,2.0,1,0.5668168040363074,1
2025-12-16,-0.00273229759527871,-0.006035937333987218,0.010831284300113264,0.07468500274513273,0.11803316961601514,-0.014945447899394892,0.5714285714285714,0.013245263595461456,-0.019584134457350855,-0.005173412221350371,1.0,1,0.579068087032413,1
2025-12-17,-0.011003620102041367,-0.023671825445043315,0.009144188129034059,0.08796425438242168,0.11993332782874008,-0.02578461397049636,0.14285714285714285,0.01820381288311572,-0.04742876965503806,-0.0023421573557084185,1.0,1,0.623524305527837,1
2025-12-18,0.0075513325776148665,-0.0184474409979557,0.025092981264855485,0.09943426918836516,0.11784033575614304,-0.01842798958835823,0.5714285714285714,0.01442619158757358,-0.04986908778915844,-0.004149336396607639,2.0,1,0.6576977977334502,1
2025-12-19,0.009063445479451815,0.00136806247659238,0.03029322696072012,0.11136483696556948,0.12066700216748173,-0.009531565187836377,0.8571428571428571,0.014161662328346328,-0.005243285211810389,0.0022596693369287824,2.0,1,0.6666273228433607,1
2025-12-22,0.006229892278320159,0.009108752638066764,0.0517654559218057,0.11497535064228544,0.10519038985079099,-0.003361053533880276,0.5714285714285714,0.011174324128208917,-0.00753941168444372,0.019576787973427434,2.0,1,0.4647219662950311,0
2025-12-23,0.004570454818432879,0.016411505051778352,0.04637468776360576,0.11640585086716895,0.10195785187543738,0.0,0.8571428571428571,0.010199995906162933,0.025637174448082667,0.010753451746181586,2.0,0,0.4435544280312532,0
2025-12-24,0.0035176203055324873,0.030932745459352207,0.03517380100695777,0.11322083301105762,0.09148642928308255,0.0,0.7142857142857143,0.004972457190154923,0.02889947904019785,-0.0018304490431615417,2.0,0,0.34801933119100525,0
2025-12-26,-0.00010141503224314619,0.023279997849494194,0.025666486322607707,0.11291528836056243,0.08719070501040012,-0.00010141503224314619,0.42857142857142855,0.006452258435769223,0.05458697796439638,-0.002753054837346447,2.0,0,0.5789159230666171,1
2025-12-29,-0.003563628207054803,0.010652924162987576,0.015199283102533379,0.0976178076094467,0.08612998585554621,-0.003664681833828398,0.2857142857142857,0.008701420146858643,0.07512737216495058,0.015191762177363066,2.0,1,0.7277508596578981,1
2025-12-30,-0.0012211007345822589,0.0032019311500851577,0.008519776029336179,0.09740297648553624,0.08459795633895571,-0.004881307622731312,0.5714285714285714,0.004527035723674032,0.06425839660817911,0.02792922887835325,2.0,1,0.5837602773891986,1
2025-12-31,-0.007408967373390696,-0.008777491041738417,0.005676224258496676,0.10524483311962753,0.08723566733580486,-0.012254109547205738,0.0,0.001496060254341827,0.05060117050989832,0.04871183838252313,1.0,1,0.5054342267113237,0
2026-01-02,0.0018330397334518356,-0.010462071613819068,0.005657054717836507,0.08228103444526733,0.0872313125356243,-0.010443532083452056,0.5714285714285714,0.017315341811427687,0.1013517085529636,0.044102080144641675,1.0,1,0.5942440374845933,1
2026-01-05,0.006660113816063129,-0.003700542765512793,0.008854400740639257,0.08071849855330991,0.08938276722185788,-0.0038529733797063592,0.5714285714285714,0.0167102133236912,0.0787661625000482,0.07360738340958661,2.0,1,0.5375051929279447,1
2026-01-06,0.005947183373089304,0.005810268814631314,0.014070527959730184,0.07429811469563359,0.09141360271502773,0.0,0.5714285714285714,0.02325095591709649,0.034752052253136045,0.03793932501522446,2.0,1,0.362834817750802,0
2026-01-07,-0.0032233567922274053,0.0038080127569861677,0.008947634324793285,0.0731144294079269,0.09226401822145125,-0.0032233567922274053,0.42857142857142855,0.01485130755611815,0.02982125411085057,0.004279184472476549,2.0,1,0.43615114209433453,0
2026-01-08,-0.00010153268198576093,0.011115447448391103,0.011850379157482216,0.06988132797174135,0.09144852401199782,-0.003324562198153136,0.5714285714285714,0.020093394014333837,-0.02175135435513109,0.030832995831205467,2.0,1,0.3345707654709274,0
2026-01-09,0.006613342394092614,0.01589575010903188,0.019326866518536434,0.07545985262497737,0.09361978894286209,0.0,0.5714285714285714,0.00676035546953554,-0.01955292346773685,0.0463390128731862,2.0,0,0.2526426604257194,0
2026-01-12,0.0015704538117717881,0.01080609010474054,0.014265052321293492,0.07552654796846905,0.09134290489819502,0.0,0.2857142857142857,0.005968322298238984,-0.029299871047819948,0.042607051929906437,2.0,0,0.2695166443754164,0
2026-01-13,-0.0019994751058702853,0.0028594316257809504,0.009938629084895956,0.0734270144565058,0.09158877650698272,-0.0019994751058702853,0.42857142857142855,0.020176642578766345,-0.012471535498820852,0.05092235786820187,1.0,0,0.3641545805315727,0
2026-01-14,-0.0049152373416185835,0.0011675510763897723,0.015775449738373637,0.07853269739487188,0.08453529600327069,-0.006904884552784707,0.2857142857142857,0.018507764847094578,-0.02322827796388449,0.07602946296623836,1.0,0,0.3345004816275962,0
2026-01-15,0.0027232143965294497,0.003992298154904983,0.02000946201805731,0.0653319650574624,0.08438002539458148,-0.0042004736372757145,0.5714285714285714,0.01103239022168919,0.0036669903522149605,0.07318380302872363,1.0,0,0.3344444604511076,0
2026-01-16,-0.0008378739908954103,-0.0034589182300830412,0.02190388562244061,0.0663312546152682,0.08358904620962962,-0.005034828160561111,0.5714285714285714,0.01201057682216815,-0.013317479863174886,0.05987359717810181,1.0,1,0.3188092206495395,0
2026-01-20,-0.020356785723545046,-0.025386157765399875,0.012550720000936932,0.12082578511734743,0.1042895234596694,-0.02528912096608671,0.2857142857142857,0.02429038456796763,-0.05326865896331978,0.0421666766797727,1.0,1,0.31086572067604973,0
2026-01-21,0.011541079202094462,-0.011845603457435128,0.016540466625416528,0.13306824088411026,0.10847329524792806,-0.014039905512013284,0.7142857142857143,0.01924868642224579,-0.019108031016960125,0.1006930177773222,2.0,1,0.21457863423382154,0
2026-01-22,0.005223230019727687,-0.001707136096088857,0.0127002511656924,0.13566659124982797,0.10555825350554517,-0.008890009148230016,1.0,0.00706069328251488,-0.02080373148256698,0.12206588547193764,2.0,1,0.2003493587499472,0
2026-01-23,0.0003627802397405677,-0.004067570252877739,0.006833139127112808,0.13568205393386618,0.10355645942287645,-0.008530454028139678,0.7142857142857143,0.01669923284090514,0.01602871163732722,0.09471504797153618,1.0,1,0.278725742546893,0
2026-01-26,0.005078147060609828,0.001848450798627499,0.0073408313692897575,0.13379016917457806,0.10383325110647346,-0.0034956258675785667,0.42857142857142855,0.014206828223376529,0.01060729484514511,0.07992057233559446,1.0,1,0.3220032043478319,0
2026-01-27,0.003984264729684606,0.02618950125185715,0.007807475793441876,0.1352061003798725,0.10402505319901273,0.0,0.7142857142857143,0.07983274369902547,0.021168207295882646,0.09933352062288581,1.0,0,0.3122320030657688,0
2026-01-28,-0.00010066990364987483,0.014547752146112813,0.007808220922035147,0.13472340046705528,0.10402501052313058,-0.00010066990364987483,0.7142857142857143,0.016408673024934584,0.032377358678226886,0.08457769949661498,1.0,0,0.30298545211012046,0
2026-01-29,-0.0019843824489698125,0.007340139677415314,0.009387466680120138,0.13234720672744008,0.10341427374113761,-0.0020848525850297728,0.5714285714285714,0.04171687890850009,0.05191608406267145,0.07695081472703769,1.0,0,0.45388810573352284,0
2026-01-30,-0.0029825802604032114,0.003994779177271535,0.007625987154299185,0.13283844025319624,0.10395091398653061,-0.005061214605267095,0.2857142857142857,0.008620565741554311,0.02339792871698676,0.09150285611562192,1.0,0,0.37147886512513945,0
2026-02-02,0.004971362130935519,0.0038879942475972262,0.0200063166586254,0.13500472006936787,0.10109543518891362,-0.00011501360495680402,0.42857142857142855,0.024122074384314112,-0.0010991644501957554,0.06440102351892063,1.0,0,0.3297467512290812,0
2026-02-03,-0.00845539643070059,-0.00855166691278797,0.009717880494472975,0.0885777208560046,0.10612379971105568,-0.008569437550032588,0.2857142857142857,0.025394083599372317,0.01432464679968315,0.09852417009607273,1.0,1,0.4394114152703839,0
2026-02-04,-0.004843921678897134,-0.013294918688035229,-0.0017861550004872884,0.0751009763062002,0.10513681746684764,-0.01337184954460513,0.5714285714285714,0.025892749669776456,-0.04926028432962826,0.10123465763589767,1.0,1,0.27524174300338355,0
2026-02-05,-0.012489211256201727,-0.023799747495267143,-0.02022254962977832,0.09213864886760174,0.11104052155017716,-0.025694056946958144,0.0,0.017584299025976,-0.07081308485909499,0.0907791062010026,1.0,1,0.3595203338513238,0
2026-02-06,0.019184711840951385,-0.0016324553939125463,0.0021855190034004712,0.13976509216989497,0.13068687001697774,-0.00700227818455923,0.8571428571428571,0.040377999012037175,-0.00740591347513575,0.10115848054161902,1.0,0,0.3494610730781656,0
2026-02-09,0.004821832103010459,-0.0017819854218376063,0.0071088837883966915,0.13952217556325838,0.13169822731718378,-0.002214209891293395,0.42857142857142855,0.016786783266671938,0.02395985440318482,0.11661358569530278,1.0,0,0.3694807405389869,0
2026-02-10,-0.002637160432080843,0.004036250576782141,-0.002141619037776765,0.1384630422657994,0.13003285622198404,-0.004845531096660638,0.14285714285714285,0.005125073500740464,0.00507308449482935,0.10436816243360036,1.0,0,0.4389428687408006,0
2026-02-11,-0.00023105881441631837,0.008649113441262957,-0.003943131663964872,0.1384553376277887,0.12989058333046144,-0.005075470308406493,0.5714285714285714,0.020139625421340984,-0.0028312993207987303,0.12507603565385184,1.0,0,0.3686851833704396,0
2026-02-12,-0.0154488742279012,0.005689450469563484,-0.017392530785995786,0.1577479023184595,0.14020068542302697,-0.020445934233865537,0.14285714285714285,0.021583186439374874,-0.02436464406441441,0.07401158434781197,1.0,1,0.4581044588869054,0
2026-02-13,0.0007044854938154099,-0.012790775877572491,-0.011772807950561792,0.15806670814198964,0.13948625670795584,-0.01975585260412538,0.14285714285714285,0.018072335379373774,-0.039288959381693855,0.057806304850792745,1.0,1,0.5409902645014324,1
2026-02-17,0.0016134664707250224,-0.015999141509857928,-0.01288255587636622,0.1551231210588903,0.13920976985237604,-0.018174261539177783,0.5714285714285714,0.01795059683120772,0.0014075879315514905,0.06379876186414812,1.0,1,0.5019723892317298,0
2026-02-18,0.005037758541617032,-0.008324222536160053,-0.007006923343853777,0.15364165955927142,0.14057171803608198,-0.01322806053886727,0.8571428571428571,0.011534628250317421,0.04607327902392455,0.056000532803585634,1.0,1,0.5434539598779262,1
2026-02-19,-0.0026374339404172664,-0.010730597662161001,0.010712428439274002,0.15225932011955112,0.12077762547694865,-0.015830606343453457,0.42857142857142855,0.006282734644983143,0.07974987564015601,0.031069392821732822,1.0,1,0.6995281094291788,1
2026-02-20,0.007231864589122949,0.011950141154863148,0.00640321382630249,0.13935832351130412,0.11667129077247478,-0.008713226555770004,0.7142857142857143,0.01596453230029842,0.10322957495472296,0.01685840663946947,1.0,0,0.6561905458411442,1
2026-02-23,-0.010211314710874664,0.0010343409501730738,-0.009031330904299861,0.11188867757251708,0.1206561681032288,-0.018835567768136663,0.42857142857142855,0.02479296343983501,0.033625662679682256,0.02015553213260235,1.0,1,0.6229953744315847,1
2026-02-24,0.00726845293039502,0.006689327409843071,-0.0021256582136454094,0.1161535230799588,0.12356433009359663,-0.011704020275481564,0.5714285714285714,0.017747167134515712,0.015440883818812479,-0.004285969457484162,1.0,0,0.5972893467791253,1
2026-02-25,0.008438348943581309,0.010089917811807347,0.0012345436693260714,0.12459785754746595,0.12586583739613127,-0.0033644339390276334,0.8571428571428571,0.013368753696052723,0.03738621547820076,-0.008138785604166032,1.0,0,0.5651696001302602,1
2026-02-26,-0.005554476391621099,0.0071728753606035145,-0.008304197451979634,0.1279073175280001,0.1264534241576522,-0.008900222661763046,0.42857142857142855,0.022051742968441198,-0.025184032547620028,-0.037816504052737065,1.0,0,0.6560882037283335,1
2026-02-27,-0.004801943258527341,-0.004860932487046776,-0.0130054708068571,0.10108387476249249,0.12736078810278978,-0.013659427556080406,0.42857142857142855,0.027484497508982627,-0.05046623932697225,0.01861085531778872,1.0,0,0.5314079698790513,1
2026-03-02,0.0005685787823312971,0.005918961006159185,-0.01045250957555599,0.10108634405106953,0.12732305422532203,-0.01309861523443634,0.7142857142857143,0.013553503699709745,0.00148144257198346,0.03976078049377296,1.0,0,0.497775722934823,0
2026-03-03,-0.00881433848279567,-0.010163830407031504,-0.01628426779794845,0.11145637040879618,0.13032438791635909,-0.021797498088899747,0.42857142857142855,0.012681508472516168,-0.023650732550907327,0.039487342455824526,1.0,0,0.5006492972219942,0
2026-03-04,0.007055308353084655,-0.011546870997528158,-0.014200321575799313,0.11460163700322001,0.13167519131424776,-0.014895977806158034,0.5714285714285714,0.017152118924586124,-0.02331704961702752,-0.00446448231282881,1.0,0,0.5967122508171544,1
2026-03-05,-0.005575546846393831,-0.01156794145230089,-0.011320471991492553,0.11730750580457874,0.12989736470777716,-0.020388471430470734,0.5714285714285714,0.012138767669565936,-0.02125259730898066,-0.00011501961411752859,1.0,0,0.6595397279517335,1
2026-03-06,-0.013107135070836495,-0.019873133264610043,-0.019583685383431915,0.1242903442423615,0.1363418709263581,-0.03322837205238016,0.14285714285714285,0.011762993765599956,-0.06157872347923243,0.027311911668117528,1.0,0,0.4915137571418759,0
2026-03-09,0.008760025013039074,-0.011681687033902266,0.0016655508858088863,0.12766029213249538,0.13348820187996668,-0.0247594284096625,0.8571428571428571,0.010446903162937856,-0.043530338980130256,-0.0014088843125066308,1.0,0,0.5267952414830612,1
2026-03-10,-0.0016071269053671289,-0.0044744754564737255,-0.019126287860509628,0.11993006291936531,0.11400153340776592,-0.026326763771470918,0.42857142857142855,0.009504615099928955,-0.03871026443170522,-0.006814123310849407,1.0,0,0.6864432190301973,1
2026-03-11,-0.0012551629285171284,-0.012784946738075509,-0.025203282892037215,0.10665763463549234,0.112078610456468,-0.02754888232207431,0.42857142857142855,0.010658285237209696,-0.04588874376806129,0.017815991818692978,1.0,0,0.567941901801639,1
2026-03-12,-0.015184948869363502,-0.02239434876104518,-0.037751071329319874,0.12408216864994685,0.12208753289966874,-0.04231550282196905,0.14285714285714285,0.012951248067319267,-0.006862586725508213,0.03416915629569728,1.0,0,0.6059263827730703,1
2026-03-13,-0.005660109501006372,-0.014947323191215056,-0.04318012201590993,0.12442868617607114,0.12265695841057601,-0.047736101943412934,0.42857142857142855,0.01626729497969835,0.019003445619099946,0.02437913346159204,1.0,0,0.6840060383362132,1
2026-03-16,0.010176866111483163,-0.013530482092770968,-0.017554381676525566,0.141380468821053,0.11948347425462431,-0.03804503975009199,1.0,0.00425462609759732,0.005625669893041918,0.020210405078435634,1.0,0,0.4198400659146864,0
2026-03-17,0.00263055486997521,-0.009292800317428629,-0.015628312300365765,0.1387657154508115,0.11998159968591482,-0.035514564444709684,0.7142857142857143,0.007644237582867581,0.011901443838332915,0.04575673109055456,1.0,0,0.3982182985541637,0
2026-03-18,-0.013953645387120184,-0.021991282776031684,-0.03119542415821097,0.14303251478852533,0.1279793341564564,-0.04897265219349045,0.14285714285714285,0.009061349534695035,-0.01311485950018354,0.05131304530184533,1.0,0,0.5502979794901675,1
2026-03-19,-0.0024643404851918405,-0.009270674391860023,-0.038697523185019844,0.14260683777403493,0.12578095092805225,-0.051316307389214666,0.2857142857142857,0.005996383677188441,-0.024953343116488558,0.048655915838556885,1.0,0,0.570754809475836,1
2026-03-20,-0.01433577587250423,-0.017946340763357882,-0.05039586511710681,0.14511617828113435,0.13303133712168153,-0.06491642418038257,0.14285714285714285,0.013543169053723254,-0.027663624185575886,0.055218249741219694,1.0,0,0.5630569865835139,1
2026-03-23,0.01050001924493782,-0.017623187629903225,-0.04712771046129194,0.14936227441964434,0.13645052847335726,-0.05509802863865132,0.8571428571428571,0.014652371687792256,-0.03780202969698787,0.069454462111735,1.0,0,0.5542006992507883,1
2026-03-24,-0.0033568497522664664,-0.023610592252144902,-0.04027324550268374,0.14912563649163801,0.1334405005819406,-0.058269922587131706,0.5714285714285714,0.017255560776927057,-0.05191411032281068,0.11118555808876396,1.0,0,0.5705955920567082,1
2026-03-25,0.0055727589473859585,-0.00408418791763876,-0.0419689394856928,0.15553607263143257,0.13209212921518268,-0.05302188787220663,0.5714285714285714,0.013301257521728864,-0.03892487301751557,0.07507630641215557,1.0,0,0.5238964405339668,1
2026-03-26,-0.017858744158138706,-0.019478591590585626,-0.06826603258741282,0.1620335629645191,0.1372239065635111,-0.06993372770005413,0.2857142857142857,0.017121068917035586,-0.06502837028921038,0.07550342413752009,1.0,1,0.5697502586882984,1
2026-03-27,-0.017051883523327982,-0.022194699241409377,-0.0797634397191197,0.176923488185804,0.14520382386463837,-0.08579310944428864,0.14285714285714285,0.024439056358040785,-0.07097203016270115,0.09224326758442203,1.0,1,0.6115920829492382,1
2026-03-30,-0.0033434623831846144,-0.03603818086953181,-0.07830495884377697,0.1586314415537804,0.1451646903881195,-0.08884972579330985,0.7142857142857143,0.009120457314789394,-0.10147734983062495,0.0879404692582586,1.0,1,0.6419335442991201,1
2026-03-31,0.02906792569891481,-0.003613405418350535,-0.04980561192719346,0.23370094099084582,0.18413487659963598,-0.06236447732212391,0.8571428571428571,0.02006026993225618,-0.03855474361155853,0.06733573479141342,1.0,1,0.3754525980108807,0
2026-04-01,0.007534463782890022,-0.0016517005828464715,-0.03345680966150777,0.22964539509370674,0.18563068073094266,-0.05529989643495625,0.7142857142857143,0.022850525410580743,-0.022404084570438076,0.022677932950117996,1.0,1,0.5122177281754564,0
2026-04-02,0.0009004744280911581,0.017107518003383393,-0.039611643586501266,0.22949084454043783,0.18322646352942631,-0.054449218149480894,0.5714285714285714,0.00677752805531377,-0.0028731597498063977,0.01850109976651748,1.0,1,0.5683159981445929,1
2026-04-06,0.004726797348638012,0.03888619887534939,-0.029309299391469423,0.2162703864709919,0.18408636430863554,-0.049979791220827297,0.8571428571428571,0.007035661400738464,0.03135428185621392,0.025631864565647144,1.0,1,0.530385340140024,1
2026-04-07,0.0004400741058487867,0.04266973536438279,-0.01576209021478414,0.21059024569156298,0.1791422411404231,-0.0495617119269105,0.7142857142857143,0.0369186844889604,0.016920052784709205,0.019793445140722565,1.0,1,0.4940030994743631,0
2026-04-08,0.025469554638327674,0.03907136430379565,0.0009474394105044581,0.24248520593474457,0.1986131120465379,-0.025354472018474294,0.7142857142857143,0.029045352159951597,0.041772267411618436,-0.053498809628292454,1.0,1,0.5732703005258403,1
2026-04-09,0.00576909117108837,0.037305991691994,0.008323657486959957,0.2425331567482248,0.19948170668893714,-0.019731653108055247,0.7142857142857143,0.021115359803229015,0.031959738051005604,-0.04823325305910764,1.0,1,0.6121168409351567,1
2026-04-10,-0.0006617805145495703,0.03574373674935327,0.008917039900927515,0.2136416330798831,0.199430390996211,-0.020380375599058143,0.2857142857142857,0.015358814290801407,0.0992630609098214,-0.0778433435302035,2.0,1,0.7831300202267444,1
2026-04-13,0.009772397784351794,0.040789337185067054,0.03387438655464281,0.17384318095679033,0.19346746460799477,-0.01080714295205476,0.8571428571428571,0.015166707212848005,0.12459192719069778,-0.11060028278233602,2.0,1,0.746174256830357,1
2026-04-14,0.01218488075237012,0.05253414383158839,0.0517193768080193,0.1626714436128647,0.1948853057014218,0.0,0.5714285714285714,0.02336602067516269,0.17665294008998988,-0.135682059367633,2.0,1,0.640140609698805,1
2026-04-15,0.007890994867038925,0.03495558406029964,0.049433505563575064,0.12075457393496646,0.19390365063291473,0.0,0.42857142857142855,0.021520058700246994,0.13278070528345243,-0.12666749446588144,2.0,1,0.671151123570769,1
2026-04-16,0.002457311622604319,0.03164380451181559,0.04926026231620417,0.12326311231257538,0.19390146575208947,0.0,0.7142857142857143,0.011983567933952612,0.12242507521772006,-0.05439596728018381,2.0,1,0.673698807593032,1
2026-04-17,0.012085685130224011,0.04439127015658917,0.07529959283354837,0.12079632073298505,0.18718663361298538,0.0,0.8571428571428571,0.02139595471721026,0.12988216037236566,-0.09028833715837215,2.0,1,0.6385022773815733,1
2026-04-20,-0.001999667552905704,0.03261920481933167,0.0757642657658345,0.13026885860417484,0.1870042309815441,-0.001999667552905704,0.5714285714285714,0.011698241884798333,0.13035702655566417,-0.09849882546495625,2.0,1,0.6755027416238324,1
2026-04-21,-0.006546949154936255,0.013887374912025297,0.08355309248340248,0.1445693348887203,0.17937845732296406,-0.008533524986046426,0.5714285714285714,0.030887159790786125,0.11697868650090526,-0.09719966300797311,2.0,1,0.6430396779333615,1
2026-04-22,0.010126696838070659,0.01612307688305703,0.08317977007653532,0.10322766216628261,0.1792120330418593,0.0,1.0,0.009357736123976489,0.10773949028629182,-0.042599627015096786,2.0,1,0.6572390300507986,1
2026-04-23,-0.0038807239498251933,0.009785041310627518,0.08265589587897659,0.112451003257963,0.17949053704055998,-0.0038807239498251933,0.42857142857142855,0.015889365802371536,0.08356551125354295,-0.02815655698227948,2.0,1,0.6612990510902655,1
2026-04-24,0.007749297960024215,0.005448654140427722,0.08483243489161485,0.1102947784796789,0.17989851378058028,0.0,0.5714285714285714,0.022923205671216428,0.10112855832952405,-0.022600031680363952,2.0,1,0.5502754382660894,1
2026-04-27,0.0017228064887020444,0.00917112818203547,0.1044139855384556,0.10788554956546835,0.1617369842172956,0.0,0.42857142857142855,0.01804991489895876,0.13756784337830164,-0.028287666264240063,2.0,1,0.5775877672939941,1
2026-04-28,-0.004865948728146163,0.010852128608825562,0.11659992033363742,0.10640184483971933,0.14552515444216155,-0.004865948728146274,0.5714285714285714,0.016233911370188963,0.08365392887971002,0.009979908397579562,2.0,1,0.7117939444500744,1
2026-04-29,-0.00015454109399481997,0.000570890676760083,0.11978884162282721,0.10252763264856145,0.14347377556315574,-0.00501973783310139,0.42857142857142855,0.015929158278337466,0.05325527969261645,0.03881916616667158,2.0,1,0.6728839433004882,1
2026-04-30,0.009949627427204177,0.014401242053789454,0.10067054335111658,0.1107117767497162,0.11710956019265316,0.0,0.42857142857142855,0.023652079291897863,0.009609593888995627,0.016689360399428255,2.0,1,0.4586372925799495,0
2026-05-01,0.0027691138283709726,0.009421057922136211,0.09590519339659753,0.09695795786576515,0.11686761085238123,0.0,0.42857142857142855,0.015381384780889214,-0.012790923275392108,0.04290372905839657,2.0,1,0.4337648203205903,0
2026-05-04,-0.0036633796697419507,0.004034871763692216,0.09134133929876442,0.09897191706605496,0.11970654800145851,-0.0036633796697418397,0.5714285714285714,0.010374683510066944,-0.014524009235462043,0.04059007290581362,2.0,1,0.4913358853789806,0
2026-05-05,0.008022185884992261,0.01692300637683064,0.09463672783511867,0.09341025150702577,0.12037980557575259,0.0,0.5714285714285714,0.014616239967978813,-0.013711021892989006,0.043728274183789106,2.0,1,0.3862515549179717,0
2026-05-06,0.013899439445017592,0.030976986915843052,0.10809609317428748,0.10313510455536629,0.123636216372621,0.0,0.8571428571428571,0.0284829203854474,0.030840222586287602,-0.003922130848147853,2.0,1,0.47783311529781025,0
2026-05-07,-0.0030661051573263043,0.01796125433131257,0.0795604333786335,0.10164950587119106,0.10219447538774011,-0.0030661051573263043,0.42857142857142855,0.017034135131884797,0.06262235101831304,-0.025002390797628893,2.0,1,0.6400607369525437,1
2026-05-08,0.008256073001242203,0.0234482135041838,0.08204741520878733,0.10230919580154296,0.10316032894752786,0.0,0.5714285714285714,0.017998753981833808,0.03688865798888963,-0.027953091822337628,2.0,1,0.4693621058138295,0
2026-05-11,0.002277585595431564,0.029389178769357316,0.08498678131876847,0.102109422073803,0.10201623229972544,0.0,0.42857142857142855,0.01743996083622729,0.01654707180324011,0.012228237037965828,2.0,0,0.4280987538725576,0
2026-05-12,-0.0015149399914519135,0.01985205289291314,0.07369944354296476,0.09575468951337392,0.10152644607371457,-0.0015149399914519135,0.7142857142857143,0.01511585917212727,0.03853457320944331,0.0025822037725178326,2.0,0,0.49103534522654474,0
2026-05-13,0.005594848036780231,0.01154746148467578,0.06710941082737487,0.0936385096624785,0.0968919547596773,0.0,0.7142857142857143,0.013401287706217544,0.0797971303677909,-0.018475372313668137,2.0,0,0.5893859303051546,1
2026-05-14,0.007894256268722755,0.02250782291072484,0.0671126722290587,0.09065803317715783,0.09689394676468248,0.0,0.42857142857142855,0.01817727023064513,0.16994017194695543,-0.008294132828425282,2.0,0,0.6179722553351795,1
2026-05-15,-0.012029351892724582,0.0022223980167580537,0.0526260087137298,0.12164073488290547,0.11034676516554347,-0.012029351892724693,0.42857142857142855,0.02868520297576449,0.13135102037501623,0.042602656086,2.0,1,0.7097628140775574,1
2026-05-18,-0.0007034356211904624,-0.0007586231998639725,0.039836887962315326,0.11825613729090896,0.10512730917372301,-0.012724325639293932,0.5714285714285714,0.010556593325910621,0.11788552134510555,0.05272287135170228,2.0,1,0.6567948504262221,1
2026-05-19,-0.006660859382243145,-0.005904542590655204,0.035175696132977885,0.12318819000388774,0.10849046739527037,-0.019300430077719866,0.2857142857142857,0.011948795026732146,0.12016964401552899,0.05781569440660861,2.0,1,0.7249037861103943,1
2026-05-20,0.010249028568310337,-0.0012503620591250986,0.051971673856224476,0.11381953572217977,0.10805283379417682,-0.009249212168656706,0.7142857142857143,0.02215700414506892,0.07547463928478482,0.059209352550775196,2.0,1,0.697234865564445,1
2026-05-21,0.0019830970699832307,-0.007161521257864623,0.04382807408813705,0.11153131017946233,0.10440751700326095,-0.0072844571842246575,0.42857142857142855,0.01021958051043658,0.04009544787995223,0.06706516138336971,2.0,1,0.46708787908374816,0
2026-05-22,0.00393155436839554,0.0087993850032555,0.05164035240635778,0.1062203262557925,0.10226650249768324,-0.003381542055293174,0.42857142857142855,0.012582175185075565,0.0035589789448665643,0.07839517184260558,2.0,1,0.43560035917022405,0
2026-05-26,0.0066386085909901915,0.016141429215436154,0.05052966303732376,0.10976829794890665,0.1016128475538666,0.0,0.14285714285714285,0.01431458185637104,-0.018326303879534378,0.010064227452465158,2.0,1,0.46844385204224953,0
2026-05-27,-0.0001732035840619206,0.022629085013617378,0.04863365296455979,0.1089267420597071,0.10198509687879356,-0.00017320358406180958,0.42857142857142855,0.01810181033269541,-0.034951237503115795,-0.009032208063682323,2.0,1,0.5035596993407544,0
2026-05-28,0.0055165545026623075,0.01789661094796935,0.05901615619536826,0.10884848238079263,0.09907303992076695,0.0,0.5714285714285714,0.014651061439911925,-0.050063703208292676,-0.02162827234619502,2.0,1,0.49015137144988297,0
